subject,dataset,pipeline,feature,classifier,da,method_row,pair_id,target_id,seed_used,dist_type,partition_mode,proxy_direction,borrowed_local_idx,borrowed_abs_idx,combiner,harmonize,score_mode,stage,local_idx,session_abs_idx,session_label,role,is_best,weight,dist_to_session,dist_est_method,dist_est,dist_lwr,dist_upr
8,bnci004,MAP,CSP,lda,none,0,0,0,3915,,,,,,,,kfold,final,0.0,1,1train,train,False,,,,,,
8,bnci004,MAP,CSP,lda,none,0,0,0,3915,,,,,,,,kfold,final,1.0,2,2train,train,False,,,,,,
8,bnci004,MAP,CSP,lda,none,0,0,0,3915,,,,,,,,kfold,final,2.0,3,3test,train,False,,,,,,
8,bnci004,MAP,CSP,lda,none,0,0,0,3915,,,,,,,,kfold,final,3.0,4,4test,train,False,,,,,,
8,bnci004,MAP,CSP,lda,none,0,0,0,3915,,,,,,,,kfold,final,,0,0train,target,False,,,,,,
8,bnci004,MAP,CSP,lda,none,0,1,1,3946,,,,,,,,kfold,final,0.0,0,0train,train,False,,,,,,
8,bnci004,MAP,CSP,lda,none,0,1,1,3946,,,,,,,,kfold,final,1.0,2,2train,train,False,,,,,,
8,bnci004,MAP,CSP,lda,none,0,1,1,3946,,,,,,,,kfold,final,2.0,3,3test,train,False,,,,,,
8,bnci004,MAP,CSP,lda,none,0,1,1,3946,,,,,,,,kfold,final,3.0,4,4test,train,False,,,,,,
8,bnci004,MAP,CSP,lda,none,0,1,1,3946,,,,,,,,kfold,final,,1,1train,target,False,,,,,,
8,bnci004,MAP,CSP,lda,none,0,2,2,3977,,,,,,,,kfold,final,0.0,0,0train,train,False,,,,,,
8,bnci004,MAP,CSP,lda,none,0,2,2,3977,,,,,,,,kfold,final,1.0,1,1train,train,False,,,,,,
8,bnci004,MAP,CSP,lda,none,0,2,2,3977,,,,,,,,kfold,final,2.0,3,3test,train,False,,,,,,
8,bnci004,MAP,CSP,lda,none,0,2,2,3977,,,,,,,,kfold,final,3.0,4,4test,train,False,,,,,,
8,bnci004,MAP,CSP,lda,none,0,2,2,3977,,,,,,,,kfold,final,,2,2train,target,False,,,,,,
8,bnci004,MAP,CSP,lda,none,0,3,3,4008,,,,,,,,kfold,final,0.0,0,0train,train,False,,,,,,
8,bnci004,MAP,CSP,lda,none,0,3,3,4008,,,,,,,,kfold,final,1.0,1,1train,train,False,,,,,,
8,bnci004,MAP,CSP,lda,none,0,3,3,4008,,,,,,,,kfold,final,2.0,2,2train,train,False,,,,,,
8,bnci004,MAP,CSP,lda,none,0,3,3,4008,,,,,,,,kfold,final,3.0,4,4test,train,False,,,,,,
8,bnci004,MAP,CSP,lda,none,0,3,3,4008,,,,,,,,kfold,final,,3,3test,target,False,,,,,,
8,bnci004,MAP,CSP,lda,none,0,4,4,4039,,,,,,,,kfold,final,0.0,0,0train,train,False,,,,,,
8,bnci004,MAP,CSP,lda,none,0,4,4,4039,,,,,,,,kfold,final,1.0,1,1train,train,False,,,,,,
8,bnci004,MAP,CSP,lda,none,0,4,4,4039,,,,,,,,kfold,final,2.0,2,2train,train,False,,,,,,
8,bnci004,MAP,CSP,lda,none,0,4,4,4039,,,,,,,,kfold,final,3.0,3,3test,train,False,,,,,,
8,bnci004,MAP,CSP,lda,none,0,4,4,4039,,,,,,,,kfold,final,,4,4test,target,False,,,,,,
8,bnci004,MAP,CSP,lda,sa,1,0,0,4912,,,,,,,,kfold,final,0.0,1,1train,train,False,,,,,,
8,bnci004,MAP,CSP,lda,sa,1,0,0,4912,,,,,,,,kfold,final,1.0,2,2train,train,False,,,,,,
8,bnci004,MAP,CSP,lda,sa,1,0,0,4912,,,,,,,,kfold,final,2.0,3,3test,train,False,,,,,,
8,bnci004,MAP,CSP,lda,sa,1,0,0,4912,,,,,,,,kfold,final,3.0,4,4test,train,False,,,,,,
8,bnci004,MAP,CSP,lda,sa,1,0,0,4912,,,,,,,,kfold,final,,0,0train,target,False,,,,,,
8,bnci004,MAP,CSP,lda,sa,1,1,1,4943,,,,,,,,kfold,final,0.0,0,0train,train,False,,,,,,
8,bnci004,MAP,CSP,lda,sa,1,1,1,4943,,,,,,,,kfold,final,1.0,2,2train,train,False,,,,,,
8,bnci004,MAP,CSP,lda,sa,1,1,1,4943,,,,,,,,kfold,final,2.0,3,3test,train,False,,,,,,
8,bnci004,MAP,CSP,lda,sa,1,1,1,4943,,,,,,,,kfold,final,3.0,4,4test,train,False,,,,,,
8,bnci004,MAP,CSP,lda,sa,1,1,1,4943,,,,,,,,kfold,final,,1,1train,target,False,,,,,,
8,bnci004,MAP,CSP,lda,sa,1,2,2,4974,,,,,,,,kfold,final,0.0,0,0train,train,False,,,,,,
8,bnci004,MAP,CSP,lda,sa,1,2,2,4974,,,,,,,,kfold,final,1.0,1,1train,train,False,,,,,,
8,bnci004,MAP,CSP,lda,sa,1,2,2,4974,,,,,,,,kfold,final,2.0,3,3test,train,False,,,,,,
8,bnci004,MAP,CSP,lda,sa,1,2,2,4974,,,,,,,,kfold,final,3.0,4,4test,train,False,,,,,,
8,bnci004,MAP,CSP,lda,sa,1,2,2,4974,,,,,,,,kfold,final,,2,2train,target,False,,,,,,
8,bnci004,MAP,CSP,lda,sa,1,3,3,5005,,,,,,,,kfold,final,0.0,0,0train,train,False,,,,,,
8,bnci004,MAP,CSP,lda,sa,1,3,3,5005,,,,,,,,kfold,final,1.0,1,1train,train,False,,,,,,
8,bnci004,MAP,CSP,lda,sa,1,3,3,5005,,,,,,,,kfold,final,2.0,2,2train,train,False,,,,,,
8,bnci004,MAP,CSP,lda,sa,1,3,3,5005,,,,,,,,kfold,final,3.0,4,4test,train,False,,,,,,
8,bnci004,MAP,CSP,lda,sa,1,3,3,5005,,,,,,,,kfold,final,,3,3test,target,False,,,,,,
8,bnci004,MAP,CSP,lda,sa,1,4,4,5036,,,,,,,,kfold,final,0.0,0,0train,train,False,,,,,,
8,bnci004,MAP,CSP,lda,sa,1,4,4,5036,,,,,,,,kfold,final,1.0,1,1train,train,False,,,,,,
8,bnci004,MAP,CSP,lda,sa,1,4,4,5036,,,,,,,,kfold,final,2.0,2,2train,train,False,,,,,,
8,bnci004,MAP,CSP,lda,sa,1,4,4,5036,,,,,,,,kfold,final,3.0,3,3test,train,False,,,,,,
8,bnci004,MAP,CSP,lda,sa,1,4,4,5036,,,,,,,,kfold,final,,4,4test,target,False,,,,,,
8,bnci004,MAP,CSP,lda,pt,2,0,0,5909,,,,,,,,kfold,final,0.0,1,1train,train,False,,,,,,
8,bnci004,MAP,CSP,lda,pt,2,0,0,5909,,,,,,,,kfold,final,1.0,2,2train,train,False,,,,,,
8,bnci004,MAP,CSP,lda,pt,2,0,0,5909,,,,,,,,kfold,final,2.0,3,3test,train,False,,,,,,
8,bnci004,MAP,CSP,lda,pt,2,0,0,5909,,,,,,,,kfold,final,3.0,4,4test,train,False,,,,,,
8,bnci004,MAP,CSP,lda,pt,2,0,0,5909,,,,,,,,kfold,final,,0,0train,target,False,,,,,,
8,bnci004,MAP,CSP,lda,pt,2,1,1,5940,,,,,,,,kfold,final,0.0,0,0train,train,False,,,,,,
8,bnci004,MAP,CSP,lda,pt,2,1,1,5940,,,,,,,,kfold,final,1.0,2,2train,train,False,,,,,,
8,bnci004,MAP,CSP,lda,pt,2,1,1,5940,,,,,,,,kfold,final,2.0,3,3test,train,False,,,,,,
8,bnci004,MAP,CSP,lda,pt,2,1,1,5940,,,,,,,,kfold,final,3.0,4,4test,train,False,,,,,,
8,bnci004,MAP,CSP,lda,pt,2,1,1,5940,,,,,,,,kfold,final,,1,1train,target,False,,,,,,
8,bnci004,MAP,CSP,lda,pt,2,2,2,5971,,,,,,,,kfold,final,0.0,0,0train,train,False,,,,,,
8,bnci004,MAP,CSP,lda,pt,2,2,2,5971,,,,,,,,kfold,final,1.0,1,1train,train,False,,,,,,
8,bnci004,MAP,CSP,lda,pt,2,2,2,5971,,,,,,,,kfold,final,2.0,3,3test,train,False,,,,,,
8,bnci004,MAP,CSP,lda,pt,2,2,2,5971,,,,,,,,kfold,final,3.0,4,4test,train,False,,,,,,
8,bnci004,MAP,CSP,lda,pt,2,2,2,5971,,,,,,,,kfold,final,,2,2train,target,False,,,,,,
8,bnci004,MAP,CSP,lda,pt,2,3,3,6002,,,,,,,,kfold,final,0.0,0,0train,train,False,,,,,,
8,bnci004,MAP,CSP,lda,pt,2,3,3,6002,,,,,,,,kfold,final,1.0,1,1train,train,False,,,,,,
8,bnci004,MAP,CSP,lda,pt,2,3,3,6002,,,,,,,,kfold,final,2.0,2,2train,train,False,,,,,,
8,bnci004,MAP,CSP,lda,pt,2,3,3,6002,,,,,,,,kfold,final,3.0,4,4test,train,False,,,,,,
8,bnci004,MAP,CSP,lda,pt,2,3,3,6002,,,,,,,,kfold,final,,3,3test,target,False,,,,,,
8,bnci004,MAP,CSP,lda,pt,2,4,4,6033,,,,,,,,kfold,final,0.0,0,0train,train,False,,,,,,
8,bnci004,MAP,CSP,lda,pt,2,4,4,6033,,,,,,,,kfold,final,1.0,1,1train,train,False,,,,,,
8,bnci004,MAP,CSP,lda,pt,2,4,4,6033,,,,,,,,kfold,final,2.0,2,2train,train,False,,,,,,
8,bnci004,MAP,CSP,lda,pt,2,4,4,6033,,,,,,,,kfold,final,3.0,3,3test,train,False,,,,,,
8,bnci004,MAP,CSP,lda,pt,2,4,4,6033,,,,,,,,kfold,final,,4,4test,target,False,,,,,,
8,bnci004,MAP,CSP,lda,coral,3,0,0,6906,,,,,,,,kfold,final,0.0,1,1train,train,False,,,,,,
8,bnci004,MAP,CSP,lda,coral,3,0,0,6906,,,,,,,,kfold,final,1.0,2,2train,train,False,,,,,,
8,bnci004,MAP,CSP,lda,coral,3,0,0,6906,,,,,,,,kfold,final,2.0,3,3test,train,False,,,,,,
8,bnci004,MAP,CSP,lda,coral,3,0,0,6906,,,,,,,,kfold,final,3.0,4,4test,train,False,,,,,,
8,bnci004,MAP,CSP,lda,coral,3,0,0,6906,,,,,,,,kfold,final,,0,0train,target,False,,,,,,
8,bnci004,MAP,CSP,lda,coral,3,1,1,6937,,,,,,,,kfold,final,0.0,0,0train,train,False,,,,,,
8,bnci004,MAP,CSP,lda,coral,3,1,1,6937,,,,,,,,kfold,final,1.0,2,2train,train,False,,,,,,
8,bnci004,MAP,CSP,lda,coral,3,1,1,6937,,,,,,,,kfold,final,2.0,3,3test,train,False,,,,,,
8,bnci004,MAP,CSP,lda,coral,3,1,1,6937,,,,,,,,kfold,final,3.0,4,4test,train,False,,,,,,
8,bnci004,MAP,CSP,lda,coral,3,1,1,6937,,,,,,,,kfold,final,,1,1train,target,False,,,,,,
8,bnci004,MAP,CSP,lda,coral,3,2,2,6968,,,,,,,,kfold,final,0.0,0,0train,train,False,,,,,,
8,bnci004,MAP,CSP,lda,coral,3,2,2,6968,,,,,,,,kfold,final,1.0,1,1train,train,False,,,,,,
8,bnci004,MAP,CSP,lda,coral,3,2,2,6968,,,,,,,,kfold,final,2.0,3,3test,train,False,,,,,,
8,bnci004,MAP,CSP,lda,coral,3,2,2,6968,,,,,,,,kfold,final,3.0,4,4test,train,False,,,,,,
8,bnci004,MAP,CSP,lda,coral,3,2,2,6968,,,,,,,,kfold,final,,2,2train,target,False,,,,,,
8,bnci004,MAP,CSP,lda,coral,3,3,3,6999,,,,,,,,kfold,final,0.0,0,0train,train,False,,,,,,
8,bnci004,MAP,CSP,lda,coral,3,3,3,6999,,,,,,,,kfold,final,1.0,1,1train,train,False,,,,,,
8,bnci004,MAP,CSP,lda,coral,3,3,3,6999,,,,,,,,kfold,final,2.0,2,2train,train,False,,,,,,
8,bnci004,MAP,CSP,lda,coral,3,3,3,6999,,,,,,,,kfold,final,3.0,4,4test,train,False,,,,,,
8,bnci004,MAP,CSP,lda,coral,3,3,3,6999,,,,,,,,kfold,final,,3,3test,target,False,,,,,,
8,bnci004,MAP,CSP,lda,coral,3,4,4,7030,,,,,,,,kfold,final,0.0,0,0train,train,False,,,,,,
8,bnci004,MAP,CSP,lda,coral,3,4,4,7030,,,,,,,,kfold,final,1.0,1,1train,train,False,,,,,,
8,bnci004,MAP,CSP,lda,coral,3,4,4,7030,,,,,,,,kfold,final,2.0,2,2train,train,False,,,,,,
8,bnci004,MAP,CSP,lda,coral,3,4,4,7030,,,,,,,,kfold,final,3.0,3,3test,train,False,,,,,,
8,bnci004,MAP,CSP,lda,coral,3,4,4,7030,,,,,,,,kfold,final,,4,4test,target,False,,,,,,
8,bnci004,MAP,CSP,svm_linear,none,4,0,0,7903,,,,,,,,kfold,final,0.0,1,1train,train,False,,,,,,
8,bnci004,MAP,CSP,svm_linear,none,4,0,0,7903,,,,,,,,kfold,final,1.0,2,2train,train,False,,,,,,
8,bnci004,MAP,CSP,svm_linear,none,4,0,0,7903,,,,,,,,kfold,final,2.0,3,3test,train,False,,,,,,
8,bnci004,MAP,CSP,svm_linear,none,4,0,0,7903,,,,,,,,kfold,final,3.0,4,4test,train,False,,,,,,
8,bnci004,MAP,CSP,svm_linear,none,4,0,0,7903,,,,,,,,kfold,final,,0,0train,target,False,,,,,,
8,bnci004,MAP,CSP,svm_linear,none,4,1,1,7934,,,,,,,,kfold,final,0.0,0,0train,train,False,,,,,,
8,bnci004,MAP,CSP,svm_linear,none,4,1,1,7934,,,,,,,,kfold,final,1.0,2,2train,train,False,,,,,,
8,bnci004,MAP,CSP,svm_linear,none,4,1,1,7934,,,,,,,,kfold,final,2.0,3,3test,train,False,,,,,,
8,bnci004,MAP,CSP,svm_linear,none,4,1,1,7934,,,,,,,,kfold,final,3.0,4,4test,train,False,,,,,,
8,bnci004,MAP,CSP,svm_linear,none,4,1,1,7934,,,,,,,,kfold,final,,1,1train,target,False,,,,,,
8,bnci004,MAP,CSP,svm_linear,none,4,2,2,7965,,,,,,,,kfold,final,0.0,0,0train,train,False,,,,,,
8,bnci004,MAP,CSP,svm_linear,none,4,2,2,7965,,,,,,,,kfold,final,1.0,1,1train,train,False,,,,,,
8,bnci004,MAP,CSP,svm_linear,none,4,2,2,7965,,,,,,,,kfold,final,2.0,3,3test,train,False,,,,,,
8,bnci004,MAP,CSP,svm_linear,none,4,2,2,7965,,,,,,,,kfold,final,3.0,4,4test,train,False,,,,,,
8,bnci004,MAP,CSP,svm_linear,none,4,2,2,7965,,,,,,,,kfold,final,,2,2train,target,False,,,,,,
8,bnci004,MAP,CSP,svm_linear,none,4,3,3,7996,,,,,,,,kfold,final,0.0,0,0train,train,False,,,,,,
8,bnci004,MAP,CSP,svm_linear,none,4,3,3,7996,,,,,,,,kfold,final,1.0,1,1train,train,False,,,,,,
8,bnci004,MAP,CSP,svm_linear,none,4,3,3,7996,,,,,,,,kfold,final,2.0,2,2train,train,False,,,,,,
8,bnci004,MAP,CSP,svm_linear,none,4,3,3,7996,,,,,,,,kfold,final,3.0,4,4test,train,False,,,,,,
8,bnci004,MAP,CSP,svm_linear,none,4,3,3,7996,,,,,,,,kfold,final,,3,3test,target,False,,,,,,
8,bnci004,MAP,CSP,svm_linear,none,4,4,4,8027,,,,,,,,kfold,final,0.0,0,0train,train,False,,,,,,
8,bnci004,MAP,CSP,svm_linear,none,4,4,4,8027,,,,,,,,kfold,final,1.0,1,1train,train,False,,,,,,
8,bnci004,MAP,CSP,svm_linear,none,4,4,4,8027,,,,,,,,kfold,final,2.0,2,2train,train,False,,,,,,
8,bnci004,MAP,CSP,svm_linear,none,4,4,4,8027,,,,,,,,kfold,final,3.0,3,3test,train,False,,,,,,
8,bnci004,MAP,CSP,svm_linear,none,4,4,4,8027,,,,,,,,kfold,final,,4,4test,target,False,,,,,,
8,bnci004,MAP,CSP,svm_linear,sa,5,0,0,8900,,,,,,,,kfold,final,0.0,1,1train,train,False,,,,,,
8,bnci004,MAP,CSP,svm_linear,sa,5,0,0,8900,,,,,,,,kfold,final,1.0,2,2train,train,False,,,,,,
8,bnci004,MAP,CSP,svm_linear,sa,5,0,0,8900,,,,,,,,kfold,final,2.0,3,3test,train,False,,,,,,
8,bnci004,MAP,CSP,svm_linear,sa,5,0,0,8900,,,,,,,,kfold,final,3.0,4,4test,train,False,,,,,,
8,bnci004,MAP,CSP,svm_linear,sa,5,0,0,8900,,,,,,,,kfold,final,,0,0train,target,False,,,,,,
8,bnci004,MAP,CSP,svm_linear,sa,5,1,1,8931,,,,,,,,kfold,final,0.0,0,0train,train,False,,,,,,
8,bnci004,MAP,CSP,svm_linear,sa,5,1,1,8931,,,,,,,,kfold,final,1.0,2,2train,train,False,,,,,,
8,bnci004,MAP,CSP,svm_linear,sa,5,1,1,8931,,,,,,,,kfold,final,2.0,3,3test,train,False,,,,,,
8,bnci004,MAP,CSP,svm_linear,sa,5,1,1,8931,,,,,,,,kfold,final,3.0,4,4test,train,False,,,,,,
8,bnci004,MAP,CSP,svm_linear,sa,5,1,1,8931,,,,,,,,kfold,final,,1,1train,target,False,,,,,,
8,bnci004,MAP,CSP,svm_linear,sa,5,2,2,8962,,,,,,,,kfold,final,0.0,0,0train,train,False,,,,,,
8,bnci004,MAP,CSP,svm_linear,sa,5,2,2,8962,,,,,,,,kfold,final,1.0,1,1train,train,False,,,,,,
8,bnci004,MAP,CSP,svm_linear,sa,5,2,2,8962,,,,,,,,kfold,final,2.0,3,3test,train,False,,,,,,
8,bnci004,MAP,CSP,svm_linear,sa,5,2,2,8962,,,,,,,,kfold,final,3.0,4,4test,train,False,,,,,,
8,bnci004,MAP,CSP,svm_linear,sa,5,2,2,8962,,,,,,,,kfold,final,,2,2train,target,False,,,,,,
8,bnci004,MAP,CSP,svm_linear,sa,5,3,3,8993,,,,,,,,kfold,final,0.0,0,0train,train,False,,,,,,
8,bnci004,MAP,CSP,svm_linear,sa,5,3,3,8993,,,,,,,,kfold,final,1.0,1,1train,train,False,,,,,,
8,bnci004,MAP,CSP,svm_linear,sa,5,3,3,8993,,,,,,,,kfold,final,2.0,2,2train,train,False,,,,,,
8,bnci004,MAP,CSP,svm_linear,sa,5,3,3,8993,,,,,,,,kfold,final,3.0,4,4test,train,False,,,,,,
8,bnci004,MAP,CSP,svm_linear,sa,5,3,3,8993,,,,,,,,kfold,final,,3,3test,target,False,,,,,,
8,bnci004,MAP,CSP,svm_linear,sa,5,4,4,9024,,,,,,,,kfold,final,0.0,0,0train,train,False,,,,,,
8,bnci004,MAP,CSP,svm_linear,sa,5,4,4,9024,,,,,,,,kfold,final,1.0,1,1train,train,False,,,,,,
8,bnci004,MAP,CSP,svm_linear,sa,5,4,4,9024,,,,,,,,kfold,final,2.0,2,2train,train,False,,,,,,
8,bnci004,MAP,CSP,svm_linear,sa,5,4,4,9024,,,,,,,,kfold,final,3.0,3,3test,train,False,,,,,,
8,bnci004,MAP,CSP,svm_linear,sa,5,4,4,9024,,,,,,,,kfold,final,,4,4test,target,False,,,,,,
8,bnci004,MAP,CSP,svm_linear,pt,6,0,0,9897,,,,,,,,kfold,final,0.0,1,1train,train,False,,,,,,
8,bnci004,MAP,CSP,svm_linear,pt,6,0,0,9897,,,,,,,,kfold,final,1.0,2,2train,train,False,,,,,,
8,bnci004,MAP,CSP,svm_linear,pt,6,0,0,9897,,,,,,,,kfold,final,2.0,3,3test,train,False,,,,,,
8,bnci004,MAP,CSP,svm_linear,pt,6,0,0,9897,,,,,,,,kfold,final,3.0,4,4test,train,False,,,,,,
8,bnci004,MAP,CSP,svm_linear,pt,6,0,0,9897,,,,,,,,kfold,final,,0,0train,target,False,,,,,,
8,bnci004,MAP,CSP,svm_linear,pt,6,1,1,9928,,,,,,,,kfold,final,0.0,0,0train,train,False,,,,,,
8,bnci004,MAP,CSP,svm_linear,pt,6,1,1,9928,,,,,,,,kfold,final,1.0,2,2train,train,False,,,,,,
8,bnci004,MAP,CSP,svm_linear,pt,6,1,1,9928,,,,,,,,kfold,final,2.0,3,3test,train,False,,,,,,
8,bnci004,MAP,CSP,svm_linear,pt,6,1,1,9928,,,,,,,,kfold,final,3.0,4,4test,train,False,,,,,,
8,bnci004,MAP,CSP,svm_linear,pt,6,1,1,9928,,,,,,,,kfold,final,,1,1train,target,False,,,,,,
8,bnci004,MAP,CSP,svm_linear,pt,6,2,2,9959,,,,,,,,kfold,final,0.0,0,0train,train,False,,,,,,
8,bnci004,MAP,CSP,svm_linear,pt,6,2,2,9959,,,,,,,,kfold,final,1.0,1,1train,train,False,,,,,,
8,bnci004,MAP,CSP,svm_linear,pt,6,2,2,9959,,,,,,,,kfold,final,2.0,3,3test,train,False,,,,,,
8,bnci004,MAP,CSP,svm_linear,pt,6,2,2,9959,,,,,,,,kfold,final,3.0,4,4test,train,False,,,,,,
8,bnci004,MAP,CSP,svm_linear,pt,6,2,2,9959,,,,,,,,kfold,final,,2,2train,target,False,,,,,,
8,bnci004,MAP,CSP,svm_linear,pt,6,3,3,9990,,,,,,,,kfold,final,0.0,0,0train,train,False,,,,,,
8,bnci004,MAP,CSP,svm_linear,pt,6,3,3,9990,,,,,,,,kfold,final,1.0,1,1train,train,False,,,,,,
8,bnci004,MAP,CSP,svm_linear,pt,6,3,3,9990,,,,,,,,kfold,final,2.0,2,2train,train,False,,,,,,
8,bnci004,MAP,CSP,svm_linear,pt,6,3,3,9990,,,,,,,,kfold,final,3.0,4,4test,train,False,,,,,,
8,bnci004,MAP,CSP,svm_linear,pt,6,3,3,9990,,,,,,,,kfold,final,,3,3test,target,False,,,,,,
8,bnci004,MAP,CSP,svm_linear,pt,6,4,4,10021,,,,,,,,kfold,final,0.0,0,0train,train,False,,,,,,
8,bnci004,MAP,CSP,svm_linear,pt,6,4,4,10021,,,,,,,,kfold,final,1.0,1,1train,train,False,,,,,,
8,bnci004,MAP,CSP,svm_linear,pt,6,4,4,10021,,,,,,,,kfold,final,2.0,2,2train,train,False,,,,,,
8,bnci004,MAP,CSP,svm_linear,pt,6,4,4,10021,,,,,,,,kfold,final,3.0,3,3test,train,False,,,,,,
8,bnci004,MAP,CSP,svm_linear,pt,6,4,4,10021,,,,,,,,kfold,final,,4,4test,target,False,,,,,,
8,bnci004,MAP,CSP,svm_linear,coral,7,0,0,10894,,,,,,,,kfold,final,0.0,1,1train,train,False,,,,,,
8,bnci004,MAP,CSP,svm_linear,coral,7,0,0,10894,,,,,,,,kfold,final,1.0,2,2train,train,False,,,,,,
8,bnci004,MAP,CSP,svm_linear,coral,7,0,0,10894,,,,,,,,kfold,final,2.0,3,3test,train,False,,,,,,
8,bnci004,MAP,CSP,svm_linear,coral,7,0,0,10894,,,,,,,,kfold,final,3.0,4,4test,train,False,,,,,,
8,bnci004,MAP,CSP,svm_linear,coral,7,0,0,10894,,,,,,,,kfold,final,,0,0train,target,False,,,,,,
8,bnci004,MAP,CSP,svm_linear,coral,7,1,1,10925,,,,,,,,kfold,final,0.0,0,0train,train,False,,,,,,
8,bnci004,MAP,CSP,svm_linear,coral,7,1,1,10925,,,,,,,,kfold,final,1.0,2,2train,train,False,,,,,,
8,bnci004,MAP,CSP,svm_linear,coral,7,1,1,10925,,,,,,,,kfold,final,2.0,3,3test,train,False,,,,,,
8,bnci004,MAP,CSP,svm_linear,coral,7,1,1,10925,,,,,,,,kfold,final,3.0,4,4test,train,False,,,,,,
8,bnci004,MAP,CSP,svm_linear,coral,7,1,1,10925,,,,,,,,kfold,final,,1,1train,target,False,,,,,,
8,bnci004,MAP,CSP,svm_linear,coral,7,2,2,10956,,,,,,,,kfold,final,0.0,0,0train,train,False,,,,,,
8,bnci004,MAP,CSP,svm_linear,coral,7,2,2,10956,,,,,,,,kfold,final,1.0,1,1train,train,False,,,,,,
8,bnci004,MAP,CSP,svm_linear,coral,7,2,2,10956,,,,,,,,kfold,final,2.0,3,3test,train,False,,,,,,
8,bnci004,MAP,CSP,svm_linear,coral,7,2,2,10956,,,,,,,,kfold,final,3.0,4,4test,train,False,,,,,,
8,bnci004,MAP,CSP,svm_linear,coral,7,2,2,10956,,,,,,,,kfold,final,,2,2train,target,False,,,,,,
8,bnci004,MAP,CSP,svm_linear,coral,7,3,3,10987,,,,,,,,kfold,final,0.0,0,0train,train,False,,,,,,
8,bnci004,MAP,CSP,svm_linear,coral,7,3,3,10987,,,,,,,,kfold,final,1.0,1,1train,train,False,,,,,,
8,bnci004,MAP,CSP,svm_linear,coral,7,3,3,10987,,,,,,,,kfold,final,2.0,2,2train,train,False,,,,,,
8,bnci004,MAP,CSP,svm_linear,coral,7,3,3,10987,,,,,,,,kfold,final,3.0,4,4test,train,False,,,,,,
8,bnci004,MAP,CSP,svm_linear,coral,7,3,3,10987,,,,,,,,kfold,final,,3,3test,target,False,,,,,,
8,bnci004,MAP,CSP,svm_linear,coral,7,4,4,11018,,,,,,,,kfold,final,0.0,0,0train,train,False,,,,,,
8,bnci004,MAP,CSP,svm_linear,coral,7,4,4,11018,,,,,,,,kfold,final,1.0,1,1train,train,False,,,,,,
8,bnci004,MAP,CSP,svm_linear,coral,7,4,4,11018,,,,,,,,kfold,final,2.0,2,2train,train,False,,,,,,
8,bnci004,MAP,CSP,svm_linear,coral,7,4,4,11018,,,,,,,,kfold,final,3.0,3,3test,train,False,,,,,,
8,bnci004,MAP,CSP,svm_linear,coral,7,4,4,11018,,,,,,,,kfold,final,,4,4test,target,False,,,,,,
8,bnci004,MAP,logvar,lda,none,8,0,0,11891,,,,,,,,kfold,final,0.0,1,1train,train,False,,,,,,
8,bnci004,MAP,logvar,lda,none,8,0,0,11891,,,,,,,,kfold,final,1.0,2,2train,train,False,,,,,,
8,bnci004,MAP,logvar,lda,none,8,0,0,11891,,,,,,,,kfold,final,2.0,3,3test,train,False,,,,,,
8,bnci004,MAP,logvar,lda,none,8,0,0,11891,,,,,,,,kfold,final,3.0,4,4test,train,False,,,,,,
8,bnci004,MAP,logvar,lda,none,8,0,0,11891,,,,,,,,kfold,final,,0,0train,target,False,,,,,,
8,bnci004,MAP,logvar,lda,none,8,1,1,11922,,,,,,,,kfold,final,0.0,0,0train,train,False,,,,,,
8,bnci004,MAP,logvar,lda,none,8,1,1,11922,,,,,,,,kfold,final,1.0,2,2train,train,False,,,,,,
8,bnci004,MAP,logvar,lda,none,8,1,1,11922,,,,,,,,kfold,final,2.0,3,3test,train,False,,,,,,
8,bnci004,MAP,logvar,lda,none,8,1,1,11922,,,,,,,,kfold,final,3.0,4,4test,train,False,,,,,,
8,bnci004,MAP,logvar,lda,none,8,1,1,11922,,,,,,,,kfold,final,,1,1train,target,False,,,,,,
8,bnci004,MAP,logvar,lda,none,8,2,2,11953,,,,,,,,kfold,final,0.0,0,0train,train,False,,,,,,
8,bnci004,MAP,logvar,lda,none,8,2,2,11953,,,,,,,,kfold,final,1.0,1,1train,train,False,,,,,,
8,bnci004,MAP,logvar,lda,none,8,2,2,11953,,,,,,,,kfold,final,2.0,3,3test,train,False,,,,,,
8,bnci004,MAP,logvar,lda,none,8,2,2,11953,,,,,,,,kfold,final,3.0,4,4test,train,False,,,,,,
8,bnci004,MAP,logvar,lda,none,8,2,2,11953,,,,,,,,kfold,final,,2,2train,target,False,,,,,,
8,bnci004,MAP,logvar,lda,none,8,3,3,11984,,,,,,,,kfold,final,0.0,0,0train,train,False,,,,,,
8,bnci004,MAP,logvar,lda,none,8,3,3,11984,,,,,,,,kfold,final,1.0,1,1train,train,False,,,,,,
8,bnci004,MAP,logvar,lda,none,8,3,3,11984,,,,,,,,kfold,final,2.0,2,2train,train,False,,,,,,
8,bnci004,MAP,logvar,lda,none,8,3,3,11984,,,,,,,,kfold,final,3.0,4,4test,train,False,,,,,,
8,bnci004,MAP,logvar,lda,none,8,3,3,11984,,,,,,,,kfold,final,,3,3test,target,False,,,,,,
8,bnci004,MAP,logvar,lda,none,8,4,4,12015,,,,,,,,kfold,final,0.0,0,0train,train,False,,,,,,
8,bnci004,MAP,logvar,lda,none,8,4,4,12015,,,,,,,,kfold,final,1.0,1,1train,train,False,,,,,,
8,bnci004,MAP,logvar,lda,none,8,4,4,12015,,,,,,,,kfold,final,2.0,2,2train,train,False,,,,,,
8,bnci004,MAP,logvar,lda,none,8,4,4,12015,,,,,,,,kfold,final,3.0,3,3test,train,False,,,,,,
8,bnci004,MAP,logvar,lda,none,8,4,4,12015,,,,,,,,kfold,final,,4,4test,target,False,,,,,,
8,bnci004,MAP,logvar,lda,sa,9,0,0,12888,,,,,,,,kfold,final,0.0,1,1train,train,False,,,,,,
8,bnci004,MAP,logvar,lda,sa,9,0,0,12888,,,,,,,,kfold,final,1.0,2,2train,train,False,,,,,,
8,bnci004,MAP,logvar,lda,sa,9,0,0,12888,,,,,,,,kfold,final,2.0,3,3test,train,False,,,,,,
8,bnci004,MAP,logvar,lda,sa,9,0,0,12888,,,,,,,,kfold,final,3.0,4,4test,train,False,,,,,,
8,bnci004,MAP,logvar,lda,sa,9,0,0,12888,,,,,,,,kfold,final,,0,0train,target,False,,,,,,
8,bnci004,MAP,logvar,lda,sa,9,1,1,12919,,,,,,,,kfold,final,0.0,0,0train,train,False,,,,,,
8,bnci004,MAP,logvar,lda,sa,9,1,1,12919,,,,,,,,kfold,final,1.0,2,2train,train,False,,,,,,
8,bnci004,MAP,logvar,lda,sa,9,1,1,12919,,,,,,,,kfold,final,2.0,3,3test,train,False,,,,,,
8,bnci004,MAP,logvar,lda,sa,9,1,1,12919,,,,,,,,kfold,final,3.0,4,4test,train,False,,,,,,
8,bnci004,MAP,logvar,lda,sa,9,1,1,12919,,,,,,,,kfold,final,,1,1train,target,False,,,,,,
8,bnci004,MAP,logvar,lda,sa,9,2,2,12950,,,,,,,,kfold,final,0.0,0,0train,train,False,,,,,,
8,bnci004,MAP,logvar,lda,sa,9,2,2,12950,,,,,,,,kfold,final,1.0,1,1train,train,False,,,,,,
8,bnci004,MAP,logvar,lda,sa,9,2,2,12950,,,,,,,,kfold,final,2.0,3,3test,train,False,,,,,,
8,bnci004,MAP,logvar,lda,sa,9,2,2,12950,,,,,,,,kfold,final,3.0,4,4test,train,False,,,,,,
8,bnci004,MAP,logvar,lda,sa,9,2,2,12950,,,,,,,,kfold,final,,2,2train,target,False,,,,,,
8,bnci004,MAP,logvar,lda,sa,9,3,3,12981,,,,,,,,kfold,final,0.0,0,0train,train,False,,,,,,
8,bnci004,MAP,logvar,lda,sa,9,3,3,12981,,,,,,,,kfold,final,1.0,1,1train,train,False,,,,,,
8,bnci004,MAP,logvar,lda,sa,9,3,3,12981,,,,,,,,kfold,final,2.0,2,2train,train,False,,,,,,
8,bnci004,MAP,logvar,lda,sa,9,3,3,12981,,,,,,,,kfold,final,3.0,4,4test,train,False,,,,,,
8,bnci004,MAP,logvar,lda,sa,9,3,3,12981,,,,,,,,kfold,final,,3,3test,target,False,,,,,,
8,bnci004,MAP,logvar,lda,sa,9,4,4,13012,,,,,,,,kfold,final,0.0,0,0train,train,False,,,,,,
8,bnci004,MAP,logvar,lda,sa,9,4,4,13012,,,,,,,,kfold,final,1.0,1,1train,train,False,,,,,,
8,bnci004,MAP,logvar,lda,sa,9,4,4,13012,,,,,,,,kfold,final,2.0,2,2train,train,False,,,,,,
8,bnci004,MAP,logvar,lda,sa,9,4,4,13012,,,,,,,,kfold,final,3.0,3,3test,train,False,,,,,,
8,bnci004,MAP,logvar,lda,sa,9,4,4,13012,,,,,,,,kfold,final,,4,4test,target,False,,,,,,
8,bnci004,MAP,logvar,lda,pt,10,0,0,13885,,,,,,,,kfold,final,0.0,1,1train,train,False,,,,,,
8,bnci004,MAP,logvar,lda,pt,10,0,0,13885,,,,,,,,kfold,final,1.0,2,2train,train,False,,,,,,
8,bnci004,MAP,logvar,lda,pt,10,0,0,13885,,,,,,,,kfold,final,2.0,3,3test,train,False,,,,,,
8,bnci004,MAP,logvar,lda,pt,10,0,0,13885,,,,,,,,kfold,final,3.0,4,4test,train,False,,,,,,
8,bnci004,MAP,logvar,lda,pt,10,0,0,13885,,,,,,,,kfold,final,,0,0train,target,False,,,,,,
8,bnci004,MAP,logvar,lda,pt,10,1,1,13916,,,,,,,,kfold,final,0.0,0,0train,train,False,,,,,,
8,bnci004,MAP,logvar,lda,pt,10,1,1,13916,,,,,,,,kfold,final,1.0,2,2train,train,False,,,,,,
8,bnci004,MAP,logvar,lda,pt,10,1,1,13916,,,,,,,,kfold,final,2.0,3,3test,train,False,,,,,,
8,bnci004,MAP,logvar,lda,pt,10,1,1,13916,,,,,,,,kfold,final,3.0,4,4test,train,False,,,,,,
8,bnci004,MAP,logvar,lda,pt,10,1,1,13916,,,,,,,,kfold,final,,1,1train,target,False,,,,,,
8,bnci004,MAP,logvar,lda,pt,10,2,2,13947,,,,,,,,kfold,final,0.0,0,0train,train,False,,,,,,
8,bnci004,MAP,logvar,lda,pt,10,2,2,13947,,,,,,,,kfold,final,1.0,1,1train,train,False,,,,,,
8,bnci004,MAP,logvar,lda,pt,10,2,2,13947,,,,,,,,kfold,final,2.0,3,3test,train,False,,,,,,
8,bnci004,MAP,logvar,lda,pt,10,2,2,13947,,,,,,,,kfold,final,3.0,4,4test,train,False,,,,,,
8,bnci004,MAP,logvar,lda,pt,10,2,2,13947,,,,,,,,kfold,final,,2,2train,target,False,,,,,,
8,bnci004,MAP,logvar,lda,pt,10,3,3,13978,,,,,,,,kfold,final,0.0,0,0train,train,False,,,,,,
8,bnci004,MAP,logvar,lda,pt,10,3,3,13978,,,,,,,,kfold,final,1.0,1,1train,train,False,,,,,,
8,bnci004,MAP,logvar,lda,pt,10,3,3,13978,,,,,,,,kfold,final,2.0,2,2train,train,False,,,,,,
8,bnci004,MAP,logvar,lda,pt,10,3,3,13978,,,,,,,,kfold,final,3.0,4,4test,train,False,,,,,,
8,bnci004,MAP,logvar,lda,pt,10,3,3,13978,,,,,,,,kfold,final,,3,3test,target,False,,,,,,
8,bnci004,MAP,logvar,lda,pt,10,4,4,14009,,,,,,,,kfold,final,0.0,0,0train,train,False,,,,,,
8,bnci004,MAP,logvar,lda,pt,10,4,4,14009,,,,,,,,kfold,final,1.0,1,1train,train,False,,,,,,
8,bnci004,MAP,logvar,lda,pt,10,4,4,14009,,,,,,,,kfold,final,2.0,2,2train,train,False,,,,,,
8,bnci004,MAP,logvar,lda,pt,10,4,4,14009,,,,,,,,kfold,final,3.0,3,3test,train,False,,,,,,
8,bnci004,MAP,logvar,lda,pt,10,4,4,14009,,,,,,,,kfold,final,,4,4test,target,False,,,,,,
8,bnci004,MAP,logvar,lda,coral,11,0,0,14882,,,,,,,,kfold,final,0.0,1,1train,train,False,,,,,,
8,bnci004,MAP,logvar,lda,coral,11,0,0,14882,,,,,,,,kfold,final,1.0,2,2train,train,False,,,,,,
8,bnci004,MAP,logvar,lda,coral,11,0,0,14882,,,,,,,,kfold,final,2.0,3,3test,train,False,,,,,,
8,bnci004,MAP,logvar,lda,coral,11,0,0,14882,,,,,,,,kfold,final,3.0,4,4test,train,False,,,,,,
8,bnci004,MAP,logvar,lda,coral,11,0,0,14882,,,,,,,,kfold,final,,0,0train,target,False,,,,,,
8,bnci004,MAP,logvar,lda,coral,11,1,1,14913,,,,,,,,kfold,final,0.0,0,0train,train,False,,,,,,
8,bnci004,MAP,logvar,lda,coral,11,1,1,14913,,,,,,,,kfold,final,1.0,2,2train,train,False,,,,,,
8,bnci004,MAP,logvar,lda,coral,11,1,1,14913,,,,,,,,kfold,final,2.0,3,3test,train,False,,,,,,
8,bnci004,MAP,logvar,lda,coral,11,1,1,14913,,,,,,,,kfold,final,3.0,4,4test,train,False,,,,,,
8,bnci004,MAP,logvar,lda,coral,11,1,1,14913,,,,,,,,kfold,final,,1,1train,target,False,,,,,,
8,bnci004,MAP,logvar,lda,coral,11,2,2,14944,,,,,,,,kfold,final,0.0,0,0train,train,False,,,,,,
8,bnci004,MAP,logvar,lda,coral,11,2,2,14944,,,,,,,,kfold,final,1.0,1,1train,train,False,,,,,,
8,bnci004,MAP,logvar,lda,coral,11,2,2,14944,,,,,,,,kfold,final,2.0,3,3test,train,False,,,,,,
8,bnci004,MAP,logvar,lda,coral,11,2,2,14944,,,,,,,,kfold,final,3.0,4,4test,train,False,,,,,,
8,bnci004,MAP,logvar,lda,coral,11,2,2,14944,,,,,,,,kfold,final,,2,2train,target,False,,,,,,
8,bnci004,MAP,logvar,lda,coral,11,3,3,14975,,,,,,,,kfold,final,0.0,0,0train,train,False,,,,,,
8,bnci004,MAP,logvar,lda,coral,11,3,3,14975,,,,,,,,kfold,final,1.0,1,1train,train,False,,,,,,
8,bnci004,MAP,logvar,lda,coral,11,3,3,14975,,,,,,,,kfold,final,2.0,2,2train,train,False,,,,,,
8,bnci004,MAP,logvar,lda,coral,11,3,3,14975,,,,,,,,kfold,final,3.0,4,4test,train,False,,,,,,
8,bnci004,MAP,logvar,lda,coral,11,3,3,14975,,,,,,,,kfold,final,,3,3test,target,False,,,,,,
8,bnci004,MAP,logvar,lda,coral,11,4,4,15006,,,,,,,,kfold,final,0.0,0,0train,train,False,,,,,,
8,bnci004,MAP,logvar,lda,coral,11,4,4,15006,,,,,,,,kfold,final,1.0,1,1train,train,False,,,,,,
8,bnci004,MAP,logvar,lda,coral,11,4,4,15006,,,,,,,,kfold,final,2.0,2,2train,train,False,,,,,,
8,bnci004,MAP,logvar,lda,coral,11,4,4,15006,,,,,,,,kfold,final,3.0,3,3test,train,False,,,,,,
8,bnci004,MAP,logvar,lda,coral,11,4,4,15006,,,,,,,,kfold,final,,4,4test,target,False,,,,,,
8,bnci004,MAP,logvar,svm_linear,none,12,0,0,15879,,,,,,,,kfold,final,0.0,1,1train,train,False,,,,,,
8,bnci004,MAP,logvar,svm_linear,none,12,0,0,15879,,,,,,,,kfold,final,1.0,2,2train,train,False,,,,,,
8,bnci004,MAP,logvar,svm_linear,none,12,0,0,15879,,,,,,,,kfold,final,2.0,3,3test,train,False,,,,,,
8,bnci004,MAP,logvar,svm_linear,none,12,0,0,15879,,,,,,,,kfold,final,3.0,4,4test,train,False,,,,,,
8,bnci004,MAP,logvar,svm_linear,none,12,0,0,15879,,,,,,,,kfold,final,,0,0train,target,False,,,,,,
8,bnci004,MAP,logvar,svm_linear,none,12,1,1,15910,,,,,,,,kfold,final,0.0,0,0train,train,False,,,,,,
8,bnci004,MAP,logvar,svm_linear,none,12,1,1,15910,,,,,,,,kfold,final,1.0,2,2train,train,False,,,,,,
8,bnci004,MAP,logvar,svm_linear,none,12,1,1,15910,,,,,,,,kfold,final,2.0,3,3test,train,False,,,,,,
8,bnci004,MAP,logvar,svm_linear,none,12,1,1,15910,,,,,,,,kfold,final,3.0,4,4test,train,False,,,,,,
8,bnci004,MAP,logvar,svm_linear,none,12,1,1,15910,,,,,,,,kfold,final,,1,1train,target,False,,,,,,
8,bnci004,MAP,logvar,svm_linear,none,12,2,2,15941,,,,,,,,kfold,final,0.0,0,0train,train,False,,,,,,
8,bnci004,MAP,logvar,svm_linear,none,12,2,2,15941,,,,,,,,kfold,final,1.0,1,1train,train,False,,,,,,
8,bnci004,MAP,logvar,svm_linear,none,12,2,2,15941,,,,,,,,kfold,final,2.0,3,3test,train,False,,,,,,
8,bnci004,MAP,logvar,svm_linear,none,12,2,2,15941,,,,,,,,kfold,final,3.0,4,4test,train,False,,,,,,
8,bnci004,MAP,logvar,svm_linear,none,12,2,2,15941,,,,,,,,kfold,final,,2,2train,target,False,,,,,,
8,bnci004,MAP,logvar,svm_linear,none,12,3,3,15972,,,,,,,,kfold,final,0.0,0,0train,train,False,,,,,,
8,bnci004,MAP,logvar,svm_linear,none,12,3,3,15972,,,,,,,,kfold,final,1.0,1,1train,train,False,,,,,,
8,bnci004,MAP,logvar,svm_linear,none,12,3,3,15972,,,,,,,,kfold,final,2.0,2,2train,train,False,,,,,,
8,bnci004,MAP,logvar,svm_linear,none,12,3,3,15972,,,,,,,,kfold,final,3.0,4,4test,train,False,,,,,,
8,bnci004,MAP,logvar,svm_linear,none,12,3,3,15972,,,,,,,,kfold,final,,3,3test,target,False,,,,,,
8,bnci004,MAP,logvar,svm_linear,none,12,4,4,16003,,,,,,,,kfold,final,0.0,0,0train,train,False,,,,,,
8,bnci004,MAP,logvar,svm_linear,none,12,4,4,16003,,,,,,,,kfold,final,1.0,1,1train,train,False,,,,,,
8,bnci004,MAP,logvar,svm_linear,none,12,4,4,16003,,,,,,,,kfold,final,2.0,2,2train,train,False,,,,,,
8,bnci004,MAP,logvar,svm_linear,none,12,4,4,16003,,,,,,,,kfold,final,3.0,3,3test,train,False,,,,,,
8,bnci004,MAP,logvar,svm_linear,none,12,4,4,16003,,,,,,,,kfold,final,,4,4test,target,False,,,,,,
8,bnci004,MAP,logvar,svm_linear,sa,13,0,0,16876,,,,,,,,kfold,final,0.0,1,1train,train,False,,,,,,
8,bnci004,MAP,logvar,svm_linear,sa,13,0,0,16876,,,,,,,,kfold,final,1.0,2,2train,train,False,,,,,,
8,bnci004,MAP,logvar,svm_linear,sa,13,0,0,16876,,,,,,,,kfold,final,2.0,3,3test,train,False,,,,,,
8,bnci004,MAP,logvar,svm_linear,sa,13,0,0,16876,,,,,,,,kfold,final,3.0,4,4test,train,False,,,,,,
8,bnci004,MAP,logvar,svm_linear,sa,13,0,0,16876,,,,,,,,kfold,final,,0,0train,target,False,,,,,,
8,bnci004,MAP,logvar,svm_linear,sa,13,1,1,16907,,,,,,,,kfold,final,0.0,0,0train,train,False,,,,,,
8,bnci004,MAP,logvar,svm_linear,sa,13,1,1,16907,,,,,,,,kfold,final,1.0,2,2train,train,False,,,,,,
8,bnci004,MAP,logvar,svm_linear,sa,13,1,1,16907,,,,,,,,kfold,final,2.0,3,3test,train,False,,,,,,
8,bnci004,MAP,logvar,svm_linear,sa,13,1,1,16907,,,,,,,,kfold,final,3.0,4,4test,train,False,,,,,,
8,bnci004,MAP,logvar,svm_linear,sa,13,1,1,16907,,,,,,,,kfold,final,,1,1train,target,False,,,,,,
8,bnci004,MAP,logvar,svm_linear,sa,13,2,2,16938,,,,,,,,kfold,final,0.0,0,0train,train,False,,,,,,
8,bnci004,MAP,logvar,svm_linear,sa,13,2,2,16938,,,,,,,,kfold,final,1.0,1,1train,train,False,,,,,,
8,bnci004,MAP,logvar,svm_linear,sa,13,2,2,16938,,,,,,,,kfold,final,2.0,3,3test,train,False,,,,,,
8,bnci004,MAP,logvar,svm_linear,sa,13,2,2,16938,,,,,,,,kfold,final,3.0,4,4test,train,False,,,,,,
8,bnci004,MAP,logvar,svm_linear,sa,13,2,2,16938,,,,,,,,kfold,final,,2,2train,target,False,,,,,,
8,bnci004,MAP,logvar,svm_linear,sa,13,3,3,16969,,,,,,,,kfold,final,0.0,0,0train,train,False,,,,,,
8,bnci004,MAP,logvar,svm_linear,sa,13,3,3,16969,,,,,,,,kfold,final,1.0,1,1train,train,False,,,,,,
8,bnci004,MAP,logvar,svm_linear,sa,13,3,3,16969,,,,,,,,kfold,final,2.0,2,2train,train,False,,,,,,
8,bnci004,MAP,logvar,svm_linear,sa,13,3,3,16969,,,,,,,,kfold,final,3.0,4,4test,train,False,,,,,,
8,bnci004,MAP,logvar,svm_linear,sa,13,3,3,16969,,,,,,,,kfold,final,,3,3test,target,False,,,,,,
8,bnci004,MAP,logvar,svm_linear,sa,13,4,4,17000,,,,,,,,kfold,final,0.0,0,0train,train,False,,,,,,
8,bnci004,MAP,logvar,svm_linear,sa,13,4,4,17000,,,,,,,,kfold,final,1.0,1,1train,train,False,,,,,,
8,bnci004,MAP,logvar,svm_linear,sa,13,4,4,17000,,,,,,,,kfold,final,2.0,2,2train,train,False,,,,,,
8,bnci004,MAP,logvar,svm_linear,sa,13,4,4,17000,,,,,,,,kfold,final,3.0,3,3test,train,False,,,,,,
8,bnci004,MAP,logvar,svm_linear,sa,13,4,4,17000,,,,,,,,kfold,final,,4,4test,target,False,,,,,,
8,bnci004,MAP,logvar,svm_linear,pt,14,0,0,17873,,,,,,,,kfold,final,0.0,1,1train,train,False,,,,,,
8,bnci004,MAP,logvar,svm_linear,pt,14,0,0,17873,,,,,,,,kfold,final,1.0,2,2train,train,False,,,,,,
8,bnci004,MAP,logvar,svm_linear,pt,14,0,0,17873,,,,,,,,kfold,final,2.0,3,3test,train,False,,,,,,
8,bnci004,MAP,logvar,svm_linear,pt,14,0,0,17873,,,,,,,,kfold,final,3.0,4,4test,train,False,,,,,,
8,bnci004,MAP,logvar,svm_linear,pt,14,0,0,17873,,,,,,,,kfold,final,,0,0train,target,False,,,,,,
8,bnci004,MAP,logvar,svm_linear,pt,14,1,1,17904,,,,,,,,kfold,final,0.0,0,0train,train,False,,,,,,
8,bnci004,MAP,logvar,svm_linear,pt,14,1,1,17904,,,,,,,,kfold,final,1.0,2,2train,train,False,,,,,,
8,bnci004,MAP,logvar,svm_linear,pt,14,1,1,17904,,,,,,,,kfold,final,2.0,3,3test,train,False,,,,,,
8,bnci004,MAP,logvar,svm_linear,pt,14,1,1,17904,,,,,,,,kfold,final,3.0,4,4test,train,False,,,,,,
8,bnci004,MAP,logvar,svm_linear,pt,14,1,1,17904,,,,,,,,kfold,final,,1,1train,target,False,,,,,,
8,bnci004,MAP,logvar,svm_linear,pt,14,2,2,17935,,,,,,,,kfold,final,0.0,0,0train,train,False,,,,,,
8,bnci004,MAP,logvar,svm_linear,pt,14,2,2,17935,,,,,,,,kfold,final,1.0,1,1train,train,False,,,,,,
8,bnci004,MAP,logvar,svm_linear,pt,14,2,2,17935,,,,,,,,kfold,final,2.0,3,3test,train,False,,,,,,
8,bnci004,MAP,logvar,svm_linear,pt,14,2,2,17935,,,,,,,,kfold,final,3.0,4,4test,train,False,,,,,,
8,bnci004,MAP,logvar,svm_linear,pt,14,2,2,17935,,,,,,,,kfold,final,,2,2train,target,False,,,,,,
8,bnci004,MAP,logvar,svm_linear,pt,14,3,3,17966,,,,,,,,kfold,final,0.0,0,0train,train,False,,,,,,
8,bnci004,MAP,logvar,svm_linear,pt,14,3,3,17966,,,,,,,,kfold,final,1.0,1,1train,train,False,,,,,,
8,bnci004,MAP,logvar,svm_linear,pt,14,3,3,17966,,,,,,,,kfold,final,2.0,2,2train,train,False,,,,,,
8,bnci004,MAP,logvar,svm_linear,pt,14,3,3,17966,,,,,,,,kfold,final,3.0,4,4test,train,False,,,,,,
8,bnci004,MAP,logvar,svm_linear,pt,14,3,3,17966,,,,,,,,kfold,final,,3,3test,target,False,,,,,,
8,bnci004,MAP,logvar,svm_linear,pt,14,4,4,17997,,,,,,,,kfold,final,0.0,0,0train,train,False,,,,,,
8,bnci004,MAP,logvar,svm_linear,pt,14,4,4,17997,,,,,,,,kfold,final,1.0,1,1train,train,False,,,,,,
8,bnci004,MAP,logvar,svm_linear,pt,14,4,4,17997,,,,,,,,kfold,final,2.0,2,2train,train,False,,,,,,
8,bnci004,MAP,logvar,svm_linear,pt,14,4,4,17997,,,,,,,,kfold,final,3.0,3,3test,train,False,,,,,,
8,bnci004,MAP,logvar,svm_linear,pt,14,4,4,17997,,,,,,,,kfold,final,,4,4test,target,False,,,,,,
8,bnci004,MAP,logvar,svm_linear,coral,15,0,0,18870,,,,,,,,kfold,final,0.0,1,1train,train,False,,,,,,
8,bnci004,MAP,logvar,svm_linear,coral,15,0,0,18870,,,,,,,,kfold,final,1.0,2,2train,train,False,,,,,,
8,bnci004,MAP,logvar,svm_linear,coral,15,0,0,18870,,,,,,,,kfold,final,2.0,3,3test,train,False,,,,,,
8,bnci004,MAP,logvar,svm_linear,coral,15,0,0,18870,,,,,,,,kfold,final,3.0,4,4test,train,False,,,,,,
8,bnci004,MAP,logvar,svm_linear,coral,15,0,0,18870,,,,,,,,kfold,final,,0,0train,target,False,,,,,,
8,bnci004,MAP,logvar,svm_linear,coral,15,1,1,18901,,,,,,,,kfold,final,0.0,0,0train,train,False,,,,,,
8,bnci004,MAP,logvar,svm_linear,coral,15,1,1,18901,,,,,,,,kfold,final,1.0,2,2train,train,False,,,,,,
8,bnci004,MAP,logvar,svm_linear,coral,15,1,1,18901,,,,,,,,kfold,final,2.0,3,3test,train,False,,,,,,
8,bnci004,MAP,logvar,svm_linear,coral,15,1,1,18901,,,,,,,,kfold,final,3.0,4,4test,train,False,,,,,,
8,bnci004,MAP,logvar,svm_linear,coral,15,1,1,18901,,,,,,,,kfold,final,,1,1train,target,False,,,,,,
8,bnci004,MAP,logvar,svm_linear,coral,15,2,2,18932,,,,,,,,kfold,final,0.0,0,0train,train,False,,,,,,
8,bnci004,MAP,logvar,svm_linear,coral,15,2,2,18932,,,,,,,,kfold,final,1.0,1,1train,train,False,,,,,,
8,bnci004,MAP,logvar,svm_linear,coral,15,2,2,18932,,,,,,,,kfold,final,2.0,3,3test,train,False,,,,,,
8,bnci004,MAP,logvar,svm_linear,coral,15,2,2,18932,,,,,,,,kfold,final,3.0,4,4test,train,False,,,,,,
8,bnci004,MAP,logvar,svm_linear,coral,15,2,2,18932,,,,,,,,kfold,final,,2,2train,target,False,,,,,,
8,bnci004,MAP,logvar,svm_linear,coral,15,3,3,18963,,,,,,,,kfold,final,0.0,0,0train,train,False,,,,,,
8,bnci004,MAP,logvar,svm_linear,coral,15,3,3,18963,,,,,,,,kfold,final,1.0,1,1train,train,False,,,,,,
8,bnci004,MAP,logvar,svm_linear,coral,15,3,3,18963,,,,,,,,kfold,final,2.0,2,2train,train,False,,,,,,
8,bnci004,MAP,logvar,svm_linear,coral,15,3,3,18963,,,,,,,,kfold,final,3.0,4,4test,train,False,,,,,,
8,bnci004,MAP,logvar,svm_linear,coral,15,3,3,18963,,,,,,,,kfold,final,,3,3test,target,False,,,,,,
8,bnci004,MAP,logvar,svm_linear,coral,15,4,4,18994,,,,,,,,kfold,final,0.0,0,0train,train,False,,,,,,
8,bnci004,MAP,logvar,svm_linear,coral,15,4,4,18994,,,,,,,,kfold,final,1.0,1,1train,train,False,,,,,,
8,bnci004,MAP,logvar,svm_linear,coral,15,4,4,18994,,,,,,,,kfold,final,2.0,2,2train,train,False,,,,,,
8,bnci004,MAP,logvar,svm_linear,coral,15,4,4,18994,,,,,,,,kfold,final,3.0,3,3test,train,False,,,,,,
8,bnci004,MAP,logvar,svm_linear,coral,15,4,4,18994,,,,,,,,kfold,final,,4,4test,target,False,,,,,,
8,bnci004,MAP,TS,lda,none,16,0,0,19867,,,,,,,,kfold,final,0.0,1,1train,train,False,,,,,,
8,bnci004,MAP,TS,lda,none,16,0,0,19867,,,,,,,,kfold,final,1.0,2,2train,train,False,,,,,,
8,bnci004,MAP,TS,lda,none,16,0,0,19867,,,,,,,,kfold,final,2.0,3,3test,train,False,,,,,,
8,bnci004,MAP,TS,lda,none,16,0,0,19867,,,,,,,,kfold,final,3.0,4,4test,train,False,,,,,,
8,bnci004,MAP,TS,lda,none,16,0,0,19867,,,,,,,,kfold,final,,0,0train,target,False,,,,,,
8,bnci004,MAP,TS,lda,none,16,1,1,19898,,,,,,,,kfold,final,0.0,0,0train,train,False,,,,,,
8,bnci004,MAP,TS,lda,none,16,1,1,19898,,,,,,,,kfold,final,1.0,2,2train,train,False,,,,,,
8,bnci004,MAP,TS,lda,none,16,1,1,19898,,,,,,,,kfold,final,2.0,3,3test,train,False,,,,,,
8,bnci004,MAP,TS,lda,none,16,1,1,19898,,,,,,,,kfold,final,3.0,4,4test,train,False,,,,,,
8,bnci004,MAP,TS,lda,none,16,1,1,19898,,,,,,,,kfold,final,,1,1train,target,False,,,,,,
8,bnci004,MAP,TS,lda,none,16,2,2,19929,,,,,,,,kfold,final,0.0,0,0train,train,False,,,,,,
8,bnci004,MAP,TS,lda,none,16,2,2,19929,,,,,,,,kfold,final,1.0,1,1train,train,False,,,,,,
8,bnci004,MAP,TS,lda,none,16,2,2,19929,,,,,,,,kfold,final,2.0,3,3test,train,False,,,,,,
8,bnci004,MAP,TS,lda,none,16,2,2,19929,,,,,,,,kfold,final,3.0,4,4test,train,False,,,,,,
8,bnci004,MAP,TS,lda,none,16,2,2,19929,,,,,,,,kfold,final,,2,2train,target,False,,,,,,
8,bnci004,MAP,TS,lda,none,16,3,3,19960,,,,,,,,kfold,final,0.0,0,0train,train,False,,,,,,
8,bnci004,MAP,TS,lda,none,16,3,3,19960,,,,,,,,kfold,final,1.0,1,1train,train,False,,,,,,
8,bnci004,MAP,TS,lda,none,16,3,3,19960,,,,,,,,kfold,final,2.0,2,2train,train,False,,,,,,
8,bnci004,MAP,TS,lda,none,16,3,3,19960,,,,,,,,kfold,final,3.0,4,4test,train,False,,,,,,
8,bnci004,MAP,TS,lda,none,16,3,3,19960,,,,,,,,kfold,final,,3,3test,target,False,,,,,,
8,bnci004,MAP,TS,lda,none,16,4,4,19991,,,,,,,,kfold,final,0.0,0,0train,train,False,,,,,,
8,bnci004,MAP,TS,lda,none,16,4,4,19991,,,,,,,,kfold,final,1.0,1,1train,train,False,,,,,,
8,bnci004,MAP,TS,lda,none,16,4,4,19991,,,,,,,,kfold,final,2.0,2,2train,train,False,,,,,,
8,bnci004,MAP,TS,lda,none,16,4,4,19991,,,,,,,,kfold,final,3.0,3,3test,train,False,,,,,,
8,bnci004,MAP,TS,lda,none,16,4,4,19991,,,,,,,,kfold,final,,4,4test,target,False,,,,,,
8,bnci004,MAP,TS,lda,sa,17,0,0,20864,,,,,,,,kfold,final,0.0,1,1train,train,False,,,,,,
8,bnci004,MAP,TS,lda,sa,17,0,0,20864,,,,,,,,kfold,final,1.0,2,2train,train,False,,,,,,
8,bnci004,MAP,TS,lda,sa,17,0,0,20864,,,,,,,,kfold,final,2.0,3,3test,train,False,,,,,,
8,bnci004,MAP,TS,lda,sa,17,0,0,20864,,,,,,,,kfold,final,3.0,4,4test,train,False,,,,,,
8,bnci004,MAP,TS,lda,sa,17,0,0,20864,,,,,,,,kfold,final,,0,0train,target,False,,,,,,
8,bnci004,MAP,TS,lda,sa,17,1,1,20895,,,,,,,,kfold,final,0.0,0,0train,train,False,,,,,,
8,bnci004,MAP,TS,lda,sa,17,1,1,20895,,,,,,,,kfold,final,1.0,2,2train,train,False,,,,,,
8,bnci004,MAP,TS,lda,sa,17,1,1,20895,,,,,,,,kfold,final,2.0,3,3test,train,False,,,,,,
8,bnci004,MAP,TS,lda,sa,17,1,1,20895,,,,,,,,kfold,final,3.0,4,4test,train,False,,,,,,
8,bnci004,MAP,TS,lda,sa,17,1,1,20895,,,,,,,,kfold,final,,1,1train,target,False,,,,,,
8,bnci004,MAP,TS,lda,sa,17,2,2,20926,,,,,,,,kfold,final,0.0,0,0train,train,False,,,,,,
8,bnci004,MAP,TS,lda,sa,17,2,2,20926,,,,,,,,kfold,final,1.0,1,1train,train,False,,,,,,
8,bnci004,MAP,TS,lda,sa,17,2,2,20926,,,,,,,,kfold,final,2.0,3,3test,train,False,,,,,,
8,bnci004,MAP,TS,lda,sa,17,2,2,20926,,,,,,,,kfold,final,3.0,4,4test,train,False,,,,,,
8,bnci004,MAP,TS,lda,sa,17,2,2,20926,,,,,,,,kfold,final,,2,2train,target,False,,,,,,
8,bnci004,MAP,TS,lda,sa,17,3,3,20957,,,,,,,,kfold,final,0.0,0,0train,train,False,,,,,,
8,bnci004,MAP,TS,lda,sa,17,3,3,20957,,,,,,,,kfold,final,1.0,1,1train,train,False,,,,,,
8,bnci004,MAP,TS,lda,sa,17,3,3,20957,,,,,,,,kfold,final,2.0,2,2train,train,False,,,,,,
8,bnci004,MAP,TS,lda,sa,17,3,3,20957,,,,,,,,kfold,final,3.0,4,4test,train,False,,,,,,
8,bnci004,MAP,TS,lda,sa,17,3,3,20957,,,,,,,,kfold,final,,3,3test,target,False,,,,,,
8,bnci004,MAP,TS,lda,sa,17,4,4,20988,,,,,,,,kfold,final,0.0,0,0train,train,False,,,,,,
8,bnci004,MAP,TS,lda,sa,17,4,4,20988,,,,,,,,kfold,final,1.0,1,1train,train,False,,,,,,
8,bnci004,MAP,TS,lda,sa,17,4,4,20988,,,,,,,,kfold,final,2.0,2,2train,train,False,,,,,,
8,bnci004,MAP,TS,lda,sa,17,4,4,20988,,,,,,,,kfold,final,3.0,3,3test,train,False,,,,,,
8,bnci004,MAP,TS,lda,sa,17,4,4,20988,,,,,,,,kfold,final,,4,4test,target,False,,,,,,
8,bnci004,MAP,TS,lda,pt,18,0,0,21861,,,,,,,,kfold,final,0.0,1,1train,train,False,,,,,,
8,bnci004,MAP,TS,lda,pt,18,0,0,21861,,,,,,,,kfold,final,1.0,2,2train,train,False,,,,,,
8,bnci004,MAP,TS,lda,pt,18,0,0,21861,,,,,,,,kfold,final,2.0,3,3test,train,False,,,,,,
8,bnci004,MAP,TS,lda,pt,18,0,0,21861,,,,,,,,kfold,final,3.0,4,4test,train,False,,,,,,
8,bnci004,MAP,TS,lda,pt,18,0,0,21861,,,,,,,,kfold,final,,0,0train,target,False,,,,,,
8,bnci004,MAP,TS,lda,pt,18,1,1,21892,,,,,,,,kfold,final,0.0,0,0train,train,False,,,,,,
8,bnci004,MAP,TS,lda,pt,18,1,1,21892,,,,,,,,kfold,final,1.0,2,2train,train,False,,,,,,
8,bnci004,MAP,TS,lda,pt,18,1,1,21892,,,,,,,,kfold,final,2.0,3,3test,train,False,,,,,,
8,bnci004,MAP,TS,lda,pt,18,1,1,21892,,,,,,,,kfold,final,3.0,4,4test,train,False,,,,,,
8,bnci004,MAP,TS,lda,pt,18,1,1,21892,,,,,,,,kfold,final,,1,1train,target,False,,,,,,
8,bnci004,MAP,TS,lda,pt,18,2,2,21923,,,,,,,,kfold,final,0.0,0,0train,train,False,,,,,,
8,bnci004,MAP,TS,lda,pt,18,2,2,21923,,,,,,,,kfold,final,1.0,1,1train,train,False,,,,,,
8,bnci004,MAP,TS,lda,pt,18,2,2,21923,,,,,,,,kfold,final,2.0,3,3test,train,False,,,,,,
8,bnci004,MAP,TS,lda,pt,18,2,2,21923,,,,,,,,kfold,final,3.0,4,4test,train,False,,,,,,
8,bnci004,MAP,TS,lda,pt,18,2,2,21923,,,,,,,,kfold,final,,2,2train,target,False,,,,,,
8,bnci004,MAP,TS,lda,pt,18,3,3,21954,,,,,,,,kfold,final,0.0,0,0train,train,False,,,,,,
8,bnci004,MAP,TS,lda,pt,18,3,3,21954,,,,,,,,kfold,final,1.0,1,1train,train,False,,,,,,
8,bnci004,MAP,TS,lda,pt,18,3,3,21954,,,,,,,,kfold,final,2.0,2,2train,train,False,,,,,,
8,bnci004,MAP,TS,lda,pt,18,3,3,21954,,,,,,,,kfold,final,3.0,4,4test,train,False,,,,,,
8,bnci004,MAP,TS,lda,pt,18,3,3,21954,,,,,,,,kfold,final,,3,3test,target,False,,,,,,
8,bnci004,MAP,TS,lda,pt,18,4,4,21985,,,,,,,,kfold,final,0.0,0,0train,train,False,,,,,,
8,bnci004,MAP,TS,lda,pt,18,4,4,21985,,,,,,,,kfold,final,1.0,1,1train,train,False,,,,,,
8,bnci004,MAP,TS,lda,pt,18,4,4,21985,,,,,,,,kfold,final,2.0,2,2train,train,False,,,,,,
8,bnci004,MAP,TS,lda,pt,18,4,4,21985,,,,,,,,kfold,final,3.0,3,3test,train,False,,,,,,
8,bnci004,MAP,TS,lda,pt,18,4,4,21985,,,,,,,,kfold,final,,4,4test,target,False,,,,,,
8,bnci004,MAP,TS,lda,coral,19,0,0,22858,,,,,,,,kfold,final,0.0,1,1train,train,False,,,,,,
8,bnci004,MAP,TS,lda,coral,19,0,0,22858,,,,,,,,kfold,final,1.0,2,2train,train,False,,,,,,
8,bnci004,MAP,TS,lda,coral,19,0,0,22858,,,,,,,,kfold,final,2.0,3,3test,train,False,,,,,,
8,bnci004,MAP,TS,lda,coral,19,0,0,22858,,,,,,,,kfold,final,3.0,4,4test,train,False,,,,,,
8,bnci004,MAP,TS,lda,coral,19,0,0,22858,,,,,,,,kfold,final,,0,0train,target,False,,,,,,
8,bnci004,MAP,TS,lda,coral,19,1,1,22889,,,,,,,,kfold,final,0.0,0,0train,train,False,,,,,,
8,bnci004,MAP,TS,lda,coral,19,1,1,22889,,,,,,,,kfold,final,1.0,2,2train,train,False,,,,,,
8,bnci004,MAP,TS,lda,coral,19,1,1,22889,,,,,,,,kfold,final,2.0,3,3test,train,False,,,,,,
8,bnci004,MAP,TS,lda,coral,19,1,1,22889,,,,,,,,kfold,final,3.0,4,4test,train,False,,,,,,
8,bnci004,MAP,TS,lda,coral,19,1,1,22889,,,,,,,,kfold,final,,1,1train,target,False,,,,,,
8,bnci004,MAP,TS,lda,coral,19,2,2,22920,,,,,,,,kfold,final,0.0,0,0train,train,False,,,,,,
8,bnci004,MAP,TS,lda,coral,19,2,2,22920,,,,,,,,kfold,final,1.0,1,1train,train,False,,,,,,
8,bnci004,MAP,TS,lda,coral,19,2,2,22920,,,,,,,,kfold,final,2.0,3,3test,train,False,,,,,,
8,bnci004,MAP,TS,lda,coral,19,2,2,22920,,,,,,,,kfold,final,3.0,4,4test,train,False,,,,,,
8,bnci004,MAP,TS,lda,coral,19,2,2,22920,,,,,,,,kfold,final,,2,2train,target,False,,,,,,
8,bnci004,MAP,TS,lda,coral,19,3,3,22951,,,,,,,,kfold,final,0.0,0,0train,train,False,,,,,,
8,bnci004,MAP,TS,lda,coral,19,3,3,22951,,,,,,,,kfold,final,1.0,1,1train,train,False,,,,,,
8,bnci004,MAP,TS,lda,coral,19,3,3,22951,,,,,,,,kfold,final,2.0,2,2train,train,False,,,,,,
8,bnci004,MAP,TS,lda,coral,19,3,3,22951,,,,,,,,kfold,final,3.0,4,4test,train,False,,,,,,
8,bnci004,MAP,TS,lda,coral,19,3,3,22951,,,,,,,,kfold,final,,3,3test,target,False,,,,,,
8,bnci004,MAP,TS,lda,coral,19,4,4,22982,,,,,,,,kfold,final,0.0,0,0train,train,False,,,,,,
8,bnci004,MAP,TS,lda,coral,19,4,4,22982,,,,,,,,kfold,final,1.0,1,1train,train,False,,,,,,
8,bnci004,MAP,TS,lda,coral,19,4,4,22982,,,,,,,,kfold,final,2.0,2,2train,train,False,,,,,,
8,bnci004,MAP,TS,lda,coral,19,4,4,22982,,,,,,,,kfold,final,3.0,3,3test,train,False,,,,,,
8,bnci004,MAP,TS,lda,coral,19,4,4,22982,,,,,,,,kfold,final,,4,4test,target,False,,,,,,
8,bnci004,MAP,TS,svm_linear,none,20,0,0,23855,,,,,,,,kfold,final,0.0,1,1train,train,False,,,,,,
8,bnci004,MAP,TS,svm_linear,none,20,0,0,23855,,,,,,,,kfold,final,1.0,2,2train,train,False,,,,,,
8,bnci004,MAP,TS,svm_linear,none,20,0,0,23855,,,,,,,,kfold,final,2.0,3,3test,train,False,,,,,,
8,bnci004,MAP,TS,svm_linear,none,20,0,0,23855,,,,,,,,kfold,final,3.0,4,4test,train,False,,,,,,
8,bnci004,MAP,TS,svm_linear,none,20,0,0,23855,,,,,,,,kfold,final,,0,0train,target,False,,,,,,
8,bnci004,MAP,TS,svm_linear,none,20,1,1,23886,,,,,,,,kfold,final,0.0,0,0train,train,False,,,,,,
8,bnci004,MAP,TS,svm_linear,none,20,1,1,23886,,,,,,,,kfold,final,1.0,2,2train,train,False,,,,,,
8,bnci004,MAP,TS,svm_linear,none,20,1,1,23886,,,,,,,,kfold,final,2.0,3,3test,train,False,,,,,,
8,bnci004,MAP,TS,svm_linear,none,20,1,1,23886,,,,,,,,kfold,final,3.0,4,4test,train,False,,,,,,
8,bnci004,MAP,TS,svm_linear,none,20,1,1,23886,,,,,,,,kfold,final,,1,1train,target,False,,,,,,
8,bnci004,MAP,TS,svm_linear,none,20,2,2,23917,,,,,,,,kfold,final,0.0,0,0train,train,False,,,,,,
8,bnci004,MAP,TS,svm_linear,none,20,2,2,23917,,,,,,,,kfold,final,1.0,1,1train,train,False,,,,,,
8,bnci004,MAP,TS,svm_linear,none,20,2,2,23917,,,,,,,,kfold,final,2.0,3,3test,train,False,,,,,,
8,bnci004,MAP,TS,svm_linear,none,20,2,2,23917,,,,,,,,kfold,final,3.0,4,4test,train,False,,,,,,
8,bnci004,MAP,TS,svm_linear,none,20,2,2,23917,,,,,,,,kfold,final,,2,2train,target,False,,,,,,
8,bnci004,MAP,TS,svm_linear,none,20,3,3,23948,,,,,,,,kfold,final,0.0,0,0train,train,False,,,,,,
8,bnci004,MAP,TS,svm_linear,none,20,3,3,23948,,,,,,,,kfold,final,1.0,1,1train,train,False,,,,,,
8,bnci004,MAP,TS,svm_linear,none,20,3,3,23948,,,,,,,,kfold,final,2.0,2,2train,train,False,,,,,,
8,bnci004,MAP,TS,svm_linear,none,20,3,3,23948,,,,,,,,kfold,final,3.0,4,4test,train,False,,,,,,
8,bnci004,MAP,TS,svm_linear,none,20,3,3,23948,,,,,,,,kfold,final,,3,3test,target,False,,,,,,
8,bnci004,MAP,TS,svm_linear,none,20,4,4,23979,,,,,,,,kfold,final,0.0,0,0train,train,False,,,,,,
8,bnci004,MAP,TS,svm_linear,none,20,4,4,23979,,,,,,,,kfold,final,1.0,1,1train,train,False,,,,,,
8,bnci004,MAP,TS,svm_linear,none,20,4,4,23979,,,,,,,,kfold,final,2.0,2,2train,train,False,,,,,,
8,bnci004,MAP,TS,svm_linear,none,20,4,4,23979,,,,,,,,kfold,final,3.0,3,3test,train,False,,,,,,
8,bnci004,MAP,TS,svm_linear,none,20,4,4,23979,,,,,,,,kfold,final,,4,4test,target,False,,,,,,
8,bnci004,MAP,TS,svm_linear,sa,21,0,0,24852,,,,,,,,kfold,final,0.0,1,1train,train,False,,,,,,
8,bnci004,MAP,TS,svm_linear,sa,21,0,0,24852,,,,,,,,kfold,final,1.0,2,2train,train,False,,,,,,
8,bnci004,MAP,TS,svm_linear,sa,21,0,0,24852,,,,,,,,kfold,final,2.0,3,3test,train,False,,,,,,
8,bnci004,MAP,TS,svm_linear,sa,21,0,0,24852,,,,,,,,kfold,final,3.0,4,4test,train,False,,,,,,
8,bnci004,MAP,TS,svm_linear,sa,21,0,0,24852,,,,,,,,kfold,final,,0,0train,target,False,,,,,,
8,bnci004,MAP,TS,svm_linear,sa,21,1,1,24883,,,,,,,,kfold,final,0.0,0,0train,train,False,,,,,,
8,bnci004,MAP,TS,svm_linear,sa,21,1,1,24883,,,,,,,,kfold,final,1.0,2,2train,train,False,,,,,,
8,bnci004,MAP,TS,svm_linear,sa,21,1,1,24883,,,,,,,,kfold,final,2.0,3,3test,train,False,,,,,,
8,bnci004,MAP,TS,svm_linear,sa,21,1,1,24883,,,,,,,,kfold,final,3.0,4,4test,train,False,,,,,,
8,bnci004,MAP,TS,svm_linear,sa,21,1,1,24883,,,,,,,,kfold,final,,1,1train,target,False,,,,,,
8,bnci004,MAP,TS,svm_linear,sa,21,2,2,24914,,,,,,,,kfold,final,0.0,0,0train,train,False,,,,,,
8,bnci004,MAP,TS,svm_linear,sa,21,2,2,24914,,,,,,,,kfold,final,1.0,1,1train,train,False,,,,,,
8,bnci004,MAP,TS,svm_linear,sa,21,2,2,24914,,,,,,,,kfold,final,2.0,3,3test,train,False,,,,,,
8,bnci004,MAP,TS,svm_linear,sa,21,2,2,24914,,,,,,,,kfold,final,3.0,4,4test,train,False,,,,,,
8,bnci004,MAP,TS,svm_linear,sa,21,2,2,24914,,,,,,,,kfold,final,,2,2train,target,False,,,,,,
8,bnci004,MAP,TS,svm_linear,sa,21,3,3,24945,,,,,,,,kfold,final,0.0,0,0train,train,False,,,,,,
8,bnci004,MAP,TS,svm_linear,sa,21,3,3,24945,,,,,,,,kfold,final,1.0,1,1train,train,False,,,,,,
8,bnci004,MAP,TS,svm_linear,sa,21,3,3,24945,,,,,,,,kfold,final,2.0,2,2train,train,False,,,,,,
8,bnci004,MAP,TS,svm_linear,sa,21,3,3,24945,,,,,,,,kfold,final,3.0,4,4test,train,False,,,,,,
8,bnci004,MAP,TS,svm_linear,sa,21,3,3,24945,,,,,,,,kfold,final,,3,3test,target,False,,,,,,
8,bnci004,MAP,TS,svm_linear,sa,21,4,4,24976,,,,,,,,kfold,final,0.0,0,0train,train,False,,,,,,
8,bnci004,MAP,TS,svm_linear,sa,21,4,4,24976,,,,,,,,kfold,final,1.0,1,1train,train,False,,,,,,
8,bnci004,MAP,TS,svm_linear,sa,21,4,4,24976,,,,,,,,kfold,final,2.0,2,2train,train,False,,,,,,
8,bnci004,MAP,TS,svm_linear,sa,21,4,4,24976,,,,,,,,kfold,final,3.0,3,3test,train,False,,,,,,
8,bnci004,MAP,TS,svm_linear,sa,21,4,4,24976,,,,,,,,kfold,final,,4,4test,target,False,,,,,,
8,bnci004,MAP,TS,svm_linear,pt,22,0,0,25849,,,,,,,,kfold,final,0.0,1,1train,train,False,,,,,,
8,bnci004,MAP,TS,svm_linear,pt,22,0,0,25849,,,,,,,,kfold,final,1.0,2,2train,train,False,,,,,,
8,bnci004,MAP,TS,svm_linear,pt,22,0,0,25849,,,,,,,,kfold,final,2.0,3,3test,train,False,,,,,,
8,bnci004,MAP,TS,svm_linear,pt,22,0,0,25849,,,,,,,,kfold,final,3.0,4,4test,train,False,,,,,,
8,bnci004,MAP,TS,svm_linear,pt,22,0,0,25849,,,,,,,,kfold,final,,0,0train,target,False,,,,,,
8,bnci004,MAP,TS,svm_linear,pt,22,1,1,25880,,,,,,,,kfold,final,0.0,0,0train,train,False,,,,,,
8,bnci004,MAP,TS,svm_linear,pt,22,1,1,25880,,,,,,,,kfold,final,1.0,2,2train,train,False,,,,,,
8,bnci004,MAP,TS,svm_linear,pt,22,1,1,25880,,,,,,,,kfold,final,2.0,3,3test,train,False,,,,,,
8,bnci004,MAP,TS,svm_linear,pt,22,1,1,25880,,,,,,,,kfold,final,3.0,4,4test,train,False,,,,,,
8,bnci004,MAP,TS,svm_linear,pt,22,1,1,25880,,,,,,,,kfold,final,,1,1train,target,False,,,,,,
8,bnci004,MAP,TS,svm_linear,pt,22,2,2,25911,,,,,,,,kfold,final,0.0,0,0train,train,False,,,,,,
8,bnci004,MAP,TS,svm_linear,pt,22,2,2,25911,,,,,,,,kfold,final,1.0,1,1train,train,False,,,,,,
8,bnci004,MAP,TS,svm_linear,pt,22,2,2,25911,,,,,,,,kfold,final,2.0,3,3test,train,False,,,,,,
8,bnci004,MAP,TS,svm_linear,pt,22,2,2,25911,,,,,,,,kfold,final,3.0,4,4test,train,False,,,,,,
8,bnci004,MAP,TS,svm_linear,pt,22,2,2,25911,,,,,,,,kfold,final,,2,2train,target,False,,,,,,
8,bnci004,MAP,TS,svm_linear,pt,22,3,3,25942,,,,,,,,kfold,final,0.0,0,0train,train,False,,,,,,
8,bnci004,MAP,TS,svm_linear,pt,22,3,3,25942,,,,,,,,kfold,final,1.0,1,1train,train,False,,,,,,
8,bnci004,MAP,TS,svm_linear,pt,22,3,3,25942,,,,,,,,kfold,final,2.0,2,2train,train,False,,,,,,
8,bnci004,MAP,TS,svm_linear,pt,22,3,3,25942,,,,,,,,kfold,final,3.0,4,4test,train,False,,,,,,
8,bnci004,MAP,TS,svm_linear,pt,22,3,3,25942,,,,,,,,kfold,final,,3,3test,target,False,,,,,,
8,bnci004,MAP,TS,svm_linear,pt,22,4,4,25973,,,,,,,,kfold,final,0.0,0,0train,train,False,,,,,,
8,bnci004,MAP,TS,svm_linear,pt,22,4,4,25973,,,,,,,,kfold,final,1.0,1,1train,train,False,,,,,,
8,bnci004,MAP,TS,svm_linear,pt,22,4,4,25973,,,,,,,,kfold,final,2.0,2,2train,train,False,,,,,,
8,bnci004,MAP,TS,svm_linear,pt,22,4,4,25973,,,,,,,,kfold,final,3.0,3,3test,train,False,,,,,,
8,bnci004,MAP,TS,svm_linear,pt,22,4,4,25973,,,,,,,,kfold,final,,4,4test,target,False,,,,,,
8,bnci004,MAP,TS,svm_linear,coral,23,0,0,26846,,,,,,,,kfold,final,0.0,1,1train,train,False,,,,,,
8,bnci004,MAP,TS,svm_linear,coral,23,0,0,26846,,,,,,,,kfold,final,1.0,2,2train,train,False,,,,,,
8,bnci004,MAP,TS,svm_linear,coral,23,0,0,26846,,,,,,,,kfold,final,2.0,3,3test,train,False,,,,,,
8,bnci004,MAP,TS,svm_linear,coral,23,0,0,26846,,,,,,,,kfold,final,3.0,4,4test,train,False,,,,,,
8,bnci004,MAP,TS,svm_linear,coral,23,0,0,26846,,,,,,,,kfold,final,,0,0train,target,False,,,,,,
8,bnci004,MAP,TS,svm_linear,coral,23,1,1,26877,,,,,,,,kfold,final,0.0,0,0train,train,False,,,,,,
8,bnci004,MAP,TS,svm_linear,coral,23,1,1,26877,,,,,,,,kfold,final,1.0,2,2train,train,False,,,,,,
8,bnci004,MAP,TS,svm_linear,coral,23,1,1,26877,,,,,,,,kfold,final,2.0,3,3test,train,False,,,,,,
8,bnci004,MAP,TS,svm_linear,coral,23,1,1,26877,,,,,,,,kfold,final,3.0,4,4test,train,False,,,,,,
8,bnci004,MAP,TS,svm_linear,coral,23,1,1,26877,,,,,,,,kfold,final,,1,1train,target,False,,,,,,
8,bnci004,MAP,TS,svm_linear,coral,23,2,2,26908,,,,,,,,kfold,final,0.0,0,0train,train,False,,,,,,
8,bnci004,MAP,TS,svm_linear,coral,23,2,2,26908,,,,,,,,kfold,final,1.0,1,1train,train,False,,,,,,
8,bnci004,MAP,TS,svm_linear,coral,23,2,2,26908,,,,,,,,kfold,final,2.0,3,3test,train,False,,,,,,
8,bnci004,MAP,TS,svm_linear,coral,23,2,2,26908,,,,,,,,kfold,final,3.0,4,4test,train,False,,,,,,
8,bnci004,MAP,TS,svm_linear,coral,23,2,2,26908,,,,,,,,kfold,final,,2,2train,target,False,,,,,,
8,bnci004,MAP,TS,svm_linear,coral,23,3,3,26939,,,,,,,,kfold,final,0.0,0,0train,train,False,,,,,,
8,bnci004,MAP,TS,svm_linear,coral,23,3,3,26939,,,,,,,,kfold,final,1.0,1,1train,train,False,,,,,,
8,bnci004,MAP,TS,svm_linear,coral,23,3,3,26939,,,,,,,,kfold,final,2.0,2,2train,train,False,,,,,,
8,bnci004,MAP,TS,svm_linear,coral,23,3,3,26939,,,,,,,,kfold,final,3.0,4,4test,train,False,,,,,,
8,bnci004,MAP,TS,svm_linear,coral,23,3,3,26939,,,,,,,,kfold,final,,3,3test,target,False,,,,,,
8,bnci004,MAP,TS,svm_linear,coral,23,4,4,26970,,,,,,,,kfold,final,0.0,0,0train,train,False,,,,,,
8,bnci004,MAP,TS,svm_linear,coral,23,4,4,26970,,,,,,,,kfold,final,1.0,1,1train,train,False,,,,,,
8,bnci004,MAP,TS,svm_linear,coral,23,4,4,26970,,,,,,,,kfold,final,2.0,2,2train,train,False,,,,,,
8,bnci004,MAP,TS,svm_linear,coral,23,4,4,26970,,,,,,,,kfold,final,3.0,3,3test,train,False,,,,,,
8,bnci004,MAP,TS,svm_linear,coral,23,4,4,26970,,,,,,,,kfold,final,,4,4test,target,False,,,,,,
